<application>
  <component name="MaterialThemeConfig">
    <option name="compactMenus" value="true" />
    <option name="compactStatusBar" value="true" />
    <option name="compactTables" value="true" />
    <option name="contrastMode" value="true" />
    <option name="highContrast" value="true" />
    <option name="compactDropdowns" value="true" />
    <option name="isCompactMenus" value="true" />
    <option name="isCompactStatusBar" value="true" />
    <option name="isCompactTables" value="true" />
    <option name="isContrastMode" value="true" />
    <option name="isHighContrast" value="true" />
    <option name="isWizardShown" value="true" />
    <option name="pristineConfig" value="false" />
    <option name="settingsSelectedTab" value="1" />
    <option name="accentColor" value="ff9800" />
    <option name="selectedTheme" value="DARKER" />
    <option name="userId" value="327af5b8:16cc6c5c078:-8000" />
    <option name="version" value="5.5.0" />
  </component>
</application>