<keymap version="1" name="Windows copy" parent="$default">
  <action id="Console.TableResult.Reload" />
  <action id="Git.Stage.Refresh" />
  <action id="Github.PullRequest.Comments.Reload" />
  <action id="Github.PullRequest.Details.Reload" />
  <action id="Refresh" />
  <action id="Rerun">
    <keyboard-shortcut first-keystroke="shift f10" />
  </action>
  <action id="Run">
    <keyboard-shortcut first-keystroke="ctrl f5" />
  </action>
  <action id="Svn.RefreshWorkingCopies" />
  <action id="Vcs.Log.Refresh" />
</keymap>