<application>
  <component name="ProjectJdkTable">
    <jdk version="2">
      <name value="Python 3.8" />
      <type value="Python SDK" />
      <version value="Python 3.8.7" />
      <homePath value="C:\Users\Asus\AppData\Local\Programs\Python\Python38\python.exe" />
      <roots>
        <classPath>
          <root type="composite">
            <root url="file://$USER_HOME$/AppData/Local/Programs/Python/Python38/DLLs" type="simple" />
            <root url="file://$USER_HOME$/AppData/Local/Programs/Python/Python38/Lib" type="simple" />
            <root url="file://$USER_HOME$/AppData/Local/Programs/Python/Python38" type="simple" />
            <root url="file://$USER_HOME$/AppData/Local/Programs/Python/Python38/Lib/site-packages" type="simple" />
            <root url="file://$USER_HOME$/AppData/Local/JetBrains/PyCharm2020.3/python_stubs/1837488819" type="simple" />
            <root url="file://$APPLICATION_HOME_DIR$/plugins/python/helpers/python-skeletons" type="simple" />
            <root url="file://$APPLICATION_HOME_DIR$/plugins/python/helpers/typeshed/stdlib/3.7" type="simple" />
            <root url="file://$APPLICATION_HOME_DIR$/plugins/python/helpers/typeshed/stdlib/3" type="simple" />
            <root url="file://$APPLICATION_HOME_DIR$/plugins/python/helpers/typeshed/stdlib/2and3" type="simple" />
            <root url="file://$APPLICATION_HOME_DIR$/plugins/python/helpers/typeshed/third_party/3" type="simple" />
            <root url="file://$APPLICATION_HOME_DIR$/plugins/python/helpers/typeshed/third_party/2and3" type="simple" />
          </root>
        </classPath>
        <sourcePath>
          <root type="composite" />
        </sourcePath>
      </roots>
      <additional />
    </jdk>
    <jdk version="2">
      <name value="Remote Python 3.8.5 (sftp://andrew@203.205.27.155:11/home/andrew/anaconda3/envs/titanZ/bin/python)" />
      <type value="Python SDK" />
      <version value="Python 3.8.5" />
      <homePath value="sftp://andrew@203.205.27.155:11/home/andrew/anaconda3/envs/titanZ/bin/python" />
      <roots>
        <classPath>
          <root type="composite">
            <root url="file://$USER_HOME$/AppData/Local/JetBrains/PyCharm2020.3/remote_sources/-911039958/-448402121" type="simple" />
            <root url="file://$USER_HOME$/AppData/Local/JetBrains/PyCharm2020.3/remote_sources/-911039958/299580891" type="simple" />
            <root url="file://$USER_HOME$/AppData/Local/JetBrains/PyCharm2020.3/remote_sources/-911039958/-448402122" type="simple" />
            <root url="file://$USER_HOME$/AppData/Local/JetBrains/PyCharm2020.3/remote_sources/-911039958/-1207970918" type="simple" />
            <root url="file://$USER_HOME$/AppData/Local/JetBrains/PyCharm2020.3/python_stubs/-911039958" type="simple" />
            <root url="file://$APPLICATION_HOME_DIR$/plugins/python/helpers/python-skeletons" type="simple" />
            <root url="file://$APPLICATION_HOME_DIR$/plugins/python/helpers/typeshed/stdlib/3.7" type="simple" />
            <root url="file://$APPLICATION_HOME_DIR$/plugins/python/helpers/typeshed/stdlib/3" type="simple" />
            <root url="file://$APPLICATION_HOME_DIR$/plugins/python/helpers/typeshed/stdlib/2and3" type="simple" />
            <root url="file://$APPLICATION_HOME_DIR$/plugins/python/helpers/typeshed/third_party/3" type="simple" />
            <root url="file://$APPLICATION_HOME_DIR$/plugins/python/helpers/typeshed/third_party/2and3" type="simple" />
          </root>
        </classPath>
        <sourcePath>
          <root type="composite" />
        </sourcePath>
      </roots>
      <additional INTERPRETER_PATH="/home/andrew/anaconda3/envs/titanZ/bin/python" HELPERS_PATH="/home/andrew/.pycharm_helpers" INITIALIZED="false" VALID="true" RUN_AS_ROOT_VIA_SUDO="true" SKELETONS_PATH="" VERSION="" WEB_SERVER_CONFIG_ID="02addf72-64ff-4d7d-808e-ac4cbbca4750" WEB_SERVER_CONFIG_NAME="andrew@203.205.27.155:11" WEB_SERVER_CREDENTIALS_ID="sftp://andrew@203.205.27.155:11">
        <PathMappingSettings>
          <option name="pathMappings">
            <list>
              <mapping local-root="$USER_HOME$/AppData/Local/JetBrains/PyCharm2020.3/remote_sources/-911039958/-448402121" remote-root="/home/andrew/anaconda3/envs/titanZ/lib/python3.8" />
              <mapping local-root="$USER_HOME$/AppData/Local/JetBrains/PyCharm2020.3/remote_sources/-911039958/299580891" remote-root="/home/andrew/anaconda3/envs/titanZ/lib/python3.8/site-packages" />
              <mapping local-root="$USER_HOME$/AppData/Local/JetBrains/PyCharm2020.3/remote_sources/-911039958/-448402122" remote-root="/home/andrew/anaconda3/envs/titanZ/lib/python3.7" />
              <mapping local-root="$USER_HOME$/AppData/Local/JetBrains/PyCharm2020.3/remote_sources/-911039958/-1207970918" remote-root="/home/andrew/anaconda3/envs/titanZ/lib/python3.7/site-packages" />
            </list>
          </option>
        </PathMappingSettings>
      </additional>
    </jdk>
  </component>
</application>