<profile version="1.0">
  <option name="myName" value="Default" />
  <inspection_tool class="Eslint" enabled="true" level="WARNING" enabled_by_default="true" />
  <inspection_tool class="PyInterpreterInspection" enabled="false" level="WARNING" enabled_by_default="false" />
  <inspection_tool class="PyPackageRequirementsInspection" enabled="true" level="WARNING" enabled_by_default="true">
    <option name="ignoredPackages">
      <value>
        <list size="10">
          <item index="0" class="java.lang.String" itemvalue="numpy" />
          <item index="1" class="java.lang.String" itemvalue="torch" />
          <item index="2" class="java.lang.String" itemvalue="pandas" />
          <item index="3" class="java.lang.String" itemvalue="scikit_learn" />
          <item index="4" class="java.lang.String" itemvalue="matplotlib" />
          <item index="5" class="java.lang.String" itemvalue="pyyaml" />
          <item index="6" class="java.lang.String" itemvalue="tqdm" />
          <item index="7" class="java.lang.String" itemvalue="reformer-pytorch" />
          <item index="8" class="java.lang.String" itemvalue="pynvml" />
          <item index="9" class="java.lang.String" itemvalue="keras-tcn" />
        </list>
      </value>
    </option>
  </inspection_tool>
  <inspection_tool class="PyPep8Inspection" enabled="true" level="WEAK WARNING" enabled_by_default="true">
    <option name="ignoredErrors">
      <list>
        <option value="E402" />
      </list>
    </option>
  </inspection_tool>
  <inspection_tool class="PyPep8NamingInspection" enabled="true" level="WEAK WARNING" enabled_by_default="true">
    <option name="ignoredErrors">
      <list>
        <option value="N806" />
        <option value="N803" />
        <option value="N801" />
        <option value="N802" />
      </list>
    </option>
  </inspection_tool>
</profile>