<keymap version="1" name="Default for Windows Proper Redo" parent="$default">
  <action id="$Redo">
    <keyboard-shortcut first-keystroke="shift ctrl z" />
    <keyboard-shortcut first-keystroke="shift alt back_space" />
    <keyboard-shortcut first-keystroke="ctrl y" />
  </action>
  <action id="Console.TableResult.Reload" />
  <action id="EditorDeleteLine" />
  <action id="Git.Stage.Refresh" />
  <action id="Github.PullRequest.Comments.Reload" />
  <action id="Github.PullRequest.Details.Reload" />
  <action id="Refresh" />
  <action id="Rerun">
    <keyboard-shortcut first-keystroke="shift 4" />
  </action>
  <action id="Run">
    <keyboard-shortcut first-keystroke="ctrl f5" />
  </action>
  <action id="Svn.RefreshWorkingCopies" />
  <action id="Vcs.Log.Refresh" />
</keymap>