<application>
  <component name="FileTypeManager" version="18">
    <ignoreFiles list="*$py.class;*.pyc;*.pyo;*.rbc;*.yarb;*~;.DS_Store;.git;.hg;.svn;CVS;__pycache__;_svn;vssver.scc;vssver2.scc" />
    <extensionMap>
      <mapping pattern="run_train_auto_stride.sh" type="AUTO_DETECTED" />
      <mapping pattern="data_batch_1" type="AUTO_DETECTED" />
      <mapping pattern="prompt" type="AUTO_DETECTED" />
      <mapping pattern=".pypirc" type="PLAIN_TEXT" />
      <mapping ext="meta" type="PLAIN_TEXT" />
      <mapping ext="pbtxt" type="PLAIN_TEXT" />
      <mapping ext="pkl" type="PLAIN_TEXT" />
      <mapping ext="env" type="PLAIN_TEXT" />
      <mapping ext="npy" type="PLAIN_TEXT" />
      <mapping ext=".model" type="Tabnine project model file" />
      <mapping ext="model" type="Tabnine project model file" />
      <mapping ext=".tabnine.model" type="Tabnine project model file" />
      <mapping ext=".tabnine" type="Tabnine project model file" />
      <mapping ext="tabnine" type="Tabnine project model file" />
    </extensionMap>
  </component>
</application>