<application>
  <component name="SshConfigs">
    <configs>
      <sshConfig authType="PASSWORD" connectionConfig="{&quot;serverAliveInterval&quot;:300}" host="203.205.27.155" id="62015bba-b16e-4004-9970-339777879023" port="11" nameFormat="DESCRIPTIVE" username="andrew" />
      <sshConfig authType="PASSWORD" host="218.238.5.22" id="ec48e4b9-ed3e-439e-8b7c-b15c127ad332" port="2001" nameFormat="DESCRIPTIVE" username="dsplab" useOpenSSHConfig="true" />
      <sshConfig authType="PASSWORD" host="168.131.153.57" id="5ee87bf8-72b1-48ed-b07d-782c9874927f" port="2222" nameFormat="DESCRIPTIVE" username="andrew" useOpenSSHConfig="true" />
      <sshConfig authType="PASSWORD" host="168.131.153.58" id="0996801b-fa21-478d-81fa-778e743bcf22" port="2222" nameFormat="DESCRIPTIVE" username="andrew" useOpenSSHConfig="true" />
    </configs>
  </component>
</application>